RawPhenotypeNames,TissueWODate,AC148152.3_FG001,AC148152.3_FG005,AC148152.3_FG008
33-16,LMAD,0,0,52.59873
33-16,LMAN,0,0,39.85388
33-16,GShoot,0.36525,2.92202,4.74828
33-16,GRoot,0.39056,1.56226,0
33-16,L3Base,0,0,14.61342
33-16,L3Tip,0,0,85.69245
33-16,Kern,0,0,0.21758
38-11,LMAN,0,0,49.29184
38-11,L3Base,0,4.33499,18.4237
38-11,L3Tip,0,3.71603,64.2343
38-11,Kern,0,0.57845,0
38-11,Kern,0,0.96891,0.32297
4226,LMAN,1.49456,0,41.10033
4226,LMAD,1.28313,0,49.40038
4226,GShoot,1.09294,146.99998,1.91264
4226,GRoot,0,61.07173,0
4226,L3Base,2.01079,106.57178,16.08631
4226,L3Mid,4.2977,60.16775,87.7958
4226,L3Tip,1.64465,17.26883,78.1209
4226,Kern,0,1.52691,0.50897
4722,LMAN,0,0.20157,56.0374
4722,L3Tip,0,0,169.06328
4722,L3Base,0,0,19.42754
4722,Kern,0,0,0.64624
A188,GShoot,0,71.24515,4.32982
A188,LMAD,0,0.60481,107.05194
A188,LMAN,0,0.93127,47.49493
A188,L3Base,0,0.60192,6.01924
A188,L3Tip,0,0.48777,125.35606
A188,Kern,0,3.66026,0
A214N,LMAD,0,0,152.36256
A214N,LMAN,0,0,69.88087
A214N,GShoot,0,15.66969,2.69323
A214N,GRoot,0,21.63176,0
A214N,L3Tip,0,0,159.91271
A214N,L3Base,0,0.6842,16.42074
A239,LMAN,0,0,38.53329
A239,GShoot,0,91.94418,4.83917
A239,GRoot,0,37.29416,0
A239,L3Base,0,6.48434,4.32289
A239,L3Tip,0,4.55385,42.80617
A239,Kern,0,0,0
A441-5,LMAD,0,0,48.36309
A441-5,LMAN,0,0,48.30551
A441-5,GShoot,0.75696,100.67512,5.55101
A441-5,GRoot,2.9939,2.9939,0
A441-5,L3Base,0.96112,14.41682,14.41682
A441-5,L3Mid,0.74967,6.74705,98.20712
A441-5,L3Tip,2.44251,0.81417,84.67377
A441-5,Kern,0.9756,0.9756,0
A554,LMAD,0,0,110.63866
A554,LMAN,0,0,35.06199
A554,GShoot,0.60712,55.24758,6.37472
A554,GRoot,0,52.386,0
A554,L3Base,0,8.77953,25.30569
A556,LMAD,0,0,83.96508
A556,LMAN,0,0,39.49356
A556,GShoot,0,11.31999,0
A556,GRoot,0.55124,11.57611,0
A556,L3Base,0,3.64934,19.70642
A556,L3Tip,0,1.12842,55.29242
A556,Kern,0,0.28664,0.57329
A6,LMAD,0,0,104.86214
A6,LMAN,0,0,53.17868
A6,GShoot,0,66.7261,9.39804
A6,GRoot,0.49748,31.83865,0
A6,L3Base,0,0.77449,49.56765
A6,L3Tip,0,0,202.83818
A6,Kern,0,0,0.43073
A619,LMAD,0,0,97.9521
A619,LMAN,0,0,69.66392
A619,GShoot,0,58.43052,4.31589
A619,GRoot,0,19.4013,0
A619,L3Base,0,23.61217,25.8729
A619,Kern,0,0,0
A632,LMAN,0,0,106.25526
A632,LMAD,0,0,100.56099
A632,GShoot,0,32.07232,4.34879
A632,GRoot,0.54585,30.29444,0
A632,L3Base,0,0,9.69072
A632,L3Tip,0.7337,0,118.12646
A632,Kern,0,5.29276,0
A634,LMAN,0,0,100.46415
A634,GShoot,0,7.72887,5.05349
A634,GRoot,0,21.80876,0
A634,L3Base,0,0.29336,9.09414
A634,Kern,0,2.56078,0
A635,LMAN,0,0,63.16589
A635,GShoot,0,119.74383,2.9607
A635,GRoot,0.56025,0.56025,0
A635,L3Base,0.4276,0.4276,6.84165
A635,Kern,0.28366,2.8366,0
A641,LMAD,0,0,100.88791
A641,LMAN,0,0,73.54372
A641,GShoot,0,4.45504,1.9093
A641,GRoot,0.30782,5.23301,0
A641,L3Base,0,0,7.00121
A641,Kern,0,0.84977,0
A654,LMAD,0.2873,0,91.36239
A654,LMAN,0,0,51.26193
A654,GShoot,0,19.31921,4.49284
A654,GRoot,4.97582,53.49008,0
A654,L3Base,0.35499,0,9.5847
A654,L3Tip,1.36018,0,85.6916
A654,Kern,0,0.82203,0
A659,LMAD,0.89418,0,87.18252
A659,LMAN,1.26401,0,45.50449
A659,GRoot,2.34169,26.92939,1.17084
A659,L3Tip,0,0.86202,81.03024
A659,L3Base,0,0.79488,1.05983
A659,Kern,0,2.62782,0.29198
A661,LMAD,0,0,126.32765
A661,LMAN,0,0,58.05618
A661,GShoot,0,57.15094,3.86736
A661,GRoot,0.90704,13.60565,0.30235
A661,L3Base,0,5.59696,14.43427
A661,L3Tip,0,0,130.45265
A661,Kern,0,9.64487,0
A679,LMAD,0,0,152.00502
A679,LMAN,0,0,66.26766
A679,GShoot,0,68.73114,3.40253
A679,GRoot,0.39894,84.17723,0
A679,L3Base,0,0.67112,11.40901
A679,L3Tip,0,0.85557,149.72534
A679,Kern,0,0,0
A680,LMAN,0,0,65.42296
A680,GShoot,0,5.15489,2.37918
A680,GRoot,0.50873,21.62086,0.76309
A680,L3Base,0,0,6.76726
A680,L3Tip,0,3.57094,145.2182
A680,Kern,0,0,1.02117
A682,LMAN,0,0,112.58101
A682,LMAD,0,0,270.10748
A682,GShoot,0,214.98322,19.15971
A682,GRoot,0,53.1823,1.13154
A682,L3Base,0,16.36886,22.55265
A682,L3Tip,0,0,204.52913
A682,Kern,0,2.9888,0
Ab28A,LMAD,0.95025,0.95025,62.71632
Ab28A,LMAN,0.22401,0.44802,35.84162
Ab28A,GShoot,0,34.83681,4.14724
Ab28A,GRoot,0.86454,28.09759,0
Ab28A,L3Base,0,3.41758,15.94873
Ab28A,L3Tip,0,2.95683,102.74976
Ab28A,Kern,0,0.3414,0
B10,LMAN,0,0,20.68059
B10,L3Tip,0,0,121.80603
B10,Kern,0,0,0.39107
B103,LMAD,0,1.4689,35.25354
B103,LMAN,0,0,28.49823
B103,GShoot,0,145.54926,1.34457
B103,GRoot,0,5.78043,0
B103,L3Base,0,2.0355,8.54909
B103,L3Tip,0,0,27.76346
B104,LMAN,0,1.86831,42.97108
B104,GShoot,0,54.44687,5.77467
B104,GRoot,0.62985,66.13394,0
B104,Kern,0,0,0
B105,LMAN,0,0,36.66813
B105,GShoot,0,1.05897,3.44166
B105,GRoot,0,8.38245,0
B105,L3Base,0,0,15.15678
B105,L3Tip,0,0,188.01224
B105,Kern,0,0,0
B109,LMAN,0,0,65.66333
B109,GShoot,0,48.79171,6.59347
B109,GRoot,0,34.69182,0
B109,L3Base,0,0,22.89148
B109,L3Tip,0,0,122.73552
B14A,LMAN,0,0,88.58704
B14A,GShoot,0,24.50881,5.78038
B14A,GRoot,0,73.39437,0.18257
B14A,L3Tip,0,0,148.35817
B14A,Kern,0,1.10464,0
B164,LMAN,0,0,68.18447
B164,GShoot,0,6.96932,5.73944
B164,GRoot,0,26.08886,0.40137
B164,L3Base,0,0.33377,15.68699
B164,L3Tip,0,0,190.3194
B164,Kern,0,0,0
B2,LMAN,1.80862,0,23.81345
B2,GShoot,0.39778,272.68132,1.98892
B2,L3Base,1.95486,1.95486,6.84199
B2,L3Tip,6.16189,0,126.31874
B2,Kern,1.11663,0.74442,0
B37,LMAN,0.3603,0,17.29432
B37,GShoot,0.30116,16.26269,1.50581
B37,GRoot,6.56702,8.53713,0.32835
B37,L3Tip,0,0,108.69249
B37,L3Base,1.47627,0,2.95253
B37,Kern,0,0,0.34182
B46,LMAN,0,0,47.39773
B46,LMAD,0,0.47685,79.63426
B46,GShoot,0.56595,14.14874,1.1319
B46,L3Base,0,7.17852,17.43355
B46,L3Mid,0,3.22559,130.09874
B46,L3Tip,0,0.74926,130.37178
B52,LMAN,0,3.4282,51.80391
B52,LMAD,0,0.37825,47.28165
B52,GShoot,0,132.65458,5.51196
B52,GRoot,0.43534,81.40785,0
B52,L3Tip,0,3.41354,114.35374
B52,L3Base,0,0,6.22579
B57,LMAN,0,0,22.0099
B57,GShoot,1.02618,13.68244,1.02618
B57,GRoot,0,15.53995,0
B57,L3Base,0,11.63154,4.92104
B57,L3Tip,0,0,67.59352
B57,Kern,0,0,0
B64,LMAN,0,1.48359,52.42014
B64,LMAD,0,13.98214,169.11725
B64,GShoot,0,6.58068,5.75809
B64,GRoot,0,4.10892,0
B64,L3Base,0,0,9.65802
B64,L3Tip,0,1.18866,155.71415
B64,Kern,0,8.74652,0
B64,Kern,0,9.48353,0
B68,LMAN,0,0,69.66951
B68,GShoot,0,4.47473,4.71024
B68,GRoot,0,11.36143,0
B68,L3Base,0,0.39466,7.1038
B68,L3Tip,0,0,196.19449
B68,Kern,0,3.73711,0
B73,LMAN,0,0,67.5348
B73,LMAN,0,0,55.16885
B73,LMAN,0,0,74.53313
B73,LMAN,0,0,70.625
B73,LMAD,0,0,64.99661
B73,LMAN,0,0,37.60756
B73,LMAN,0,0,30.59185
B73,LMAN,0,0,42.60765
B73,LMAN,0,0,39.1147
B73,LMAD,0,0,99.98852
B73,LMAD,0,0,57.27379
B73,LMAD,0,0,57.77622
B73,LMAD,0,0,44.3736
B73,LMAD,0,0,77.77421
B73,LMAN,0,0,79.03925
B73,LMAN,0,0,113.84749
B73,LMAN,0,0,67.20519
B73,L3Mid,0,5.22336,101.85548
B73,L3Mid,0,9.16859,92.29718
B73,L3Base,0,0,9.31358
B73,L3Base,0,0,7.1483
B73,LMAN,0,0,39.06255
B73,LMAN,0,0,43.38982
B73,LMAN,0,0,35.50803
B73,GShoot,0,5.93539,5.19346
B73,GShoot,0,6.46698,5.44588
B73,GShoot,0,6.58511,5.95796
B73,GShoot,0,8.10152,3.64568
B73,GShoot,0,10.07534,5.75734
B73,GShoot,0.434,9.98204,7.37803
B73,GShoot,0,4.52264,1.04369
B73,GShoot,0,24.78751,5.65329
B73,GRoot,0,25.51405,0
B73,GRoot,0.26541,18.04773,0
B73,GRoot,0,108.77952,0
B73,GRoot,0.47431,29.64444,0.23716
B73,GRoot,0,46.67816,0
B73,GRoot,0.29244,16.66889,0
B73,GRoot,0,109.39244,0
B73,GRoot,0.26111,17.2332,0
B73,GRoot,0.32938,11.8578,0
B73,GRoot,0,29.65248,0
B73,GRoot,0,15.58631,0
B73,GRoot,0,12.03524,0
B73,GRoot,0,32.23581,0
B73,GRoot,0,60.00409,0
B73,GRoot,0,32.79506,0
B73,GRoot,0,138.72492,0
B73,GRoot,0,53.90145,0
B73,Kern,0,0,1.47341
B73,L3Tip,0,0,195.96601
B73,L3Tip,0,1.63423,149.53174
B73,L3Tip,0,1.21751,120.53353
B73,L3Tip,0,0,114.92674
B73,L3Tip,0,1.88424,152.62366
B73,L3Tip,0,0,139.20403
B73,L3Base,0,0,3.89625
B73,L3Base,0,0.80989,12.95825
B73,L3Base,0,0.47662,6.196
B73,L3Base,0,0.97676,13.349
B73,L3Base,0,1.04891,9.96462
B73,L3Base,0,0,15.31639
B73,L3Base,0,0.604,19.3281
B73,L3Base,0,0.80149,22.04093
B73,L3Base,0,1.07793,8.62343
B73,L3Base,0,0,3.24009
B73,L3Base,0,0.94201,9.73415
B73,L3Tip,0,0,107.14693
B73,L3Tip,0,0.98821,163.54922
B73,L3Tip,0,0,132.51454
B73,L3Tip,0,0,131.61084
B73,L3Tip,0,0,165.95232
B73,L3Tip,0,0,123.05652
B73,L3Tip,0,0,137.21336
B73,L3Tip,0,0,167.39269
B73,L3Tip,0,0,119.44793
B73,L3Tip,0,0.67924,135.84888
B73,L3Tip,0,0,141.99675
B73,L3Base,0,0.7587,7.58695
B73,L3Base,0,0.37189,10.41292
B73,L3Base,0,1.62496,13.54135
B73,L3Base,0,0.88992,19.57831
B73,L3Base,0,0.81757,10.62839
B73,L3Base,0,3.36484,22.88088
B73,L3Base,0,0.35057,9.46532
B73,L3Base,0,3.37549,11.47668
B73,L3Tip,0.72922,0,166.26314
B73,L3Tip,0,3.95662,155.89102
B73,L3Tip,0,0,141.99433
B73,L3Tip,0,0.79307,175.26782
B73,L3Tip,0,0,174.84947
B73,L3Tip,0,0,142.21508
B73,L3Tip,0,0,135.81394
B73,L3Tip,0,0.71124,178.52096
B73,L3Tip,0,0,144.91897
B73,L3Base,0,1.68232,8.13121
B73,L3Base,0,6.66461,25.32551
B73,L3Base,0,0,4.84273
B73,L3Base,0,3.63497,10.57446
B73,L3Base,0,0,10.00743
B73,L3Base,0,1.73053,11.86647
B73,Kern,0,0.40323,0
B73,Kern,0,0,0
B73,Kern,0,0,0
B73,Kern,0,0.28551,0
B73,Kern,0,0,0
B73,Kern,0,0,0.79898
B73,Kern,0,0,0
B73,Kern,0,0.48163,0
B73,Kern,0,0.30053,0
B73,Kern,0,0.27119,0
B73Htrhm,LMAN,0,0,68.86261
B73Htrhm,GShoot,0,14.25597,6.41519
B73Htrhm,GRoot,0.5815,40.70533,0
B73Htrhm,L3Base,0,0,20.08042
B73Htrhm,L3Tip,0,0,136.6004
B73Htrhm,Kern,0,0,0
B73,GShoot,0,10.95083,4.81837
B73,GShoot,0,1.96026,3.13642
B73,GShoot,0,0.8672,2.168
B73,GShoot,0,0.95932,7.9943
B73,GShoot,0,3.35326,8.14363
B73,GShoot,0,18.68076,3.90993
B73,GShoot,0,0,3.80481
B75,LMAN,0.75568,0,48.3637
B75,GShoot,0,327.06116,2.0264
B75,GRoot,3.72548,1.24183,0
B75,L3Tip,6.23828,6.23828,88.89553
B75,L3Base,0,3.8083,4.89638
B75,Kern,0.34821,0.34821,0
B76,LMAD,0,0,64.71006
B76,LMAN,0,0,23.63786
B76,GShoot,0.43039,17.07201,0.71731
B76,GRoot,7.96746,48.94297,0
B76,L3Base,0.91879,0.61252,2.75636
B76,L3Tip,1.33296,0,97.30617
B77,LMAN,0,0.40101,50.52723
B77,LMAD,2.09877,4.19753,91.29637
B77,GShoot,1.00381,98.70753,6.35743
B77,GRoot,0,18.22175,0
B77,L3Tip,0,2.10642,71.61818
B77,L3Base,0,0,7.40999
B77,Kern,0.32759,0,0
B79,LMAN,0,0,102.7488
B79,GShoot,0,59.84316,13.07831
B79,GRoot,0,116.08625,0
B79,L3Base,0,0.61123,26.89427
B79,L3Tip,0,0,243.01754
B79,Kern,0,0,0
B84,LMAN,0,0,35.11682
B84,LMAD,0,0.65381,82.37973
B84,GShoot,0,27.16467,4.96559
B84,GRoot,0.82223,25.48915,0
B84,L3Tip,0,0,90.89724
B84,L3Base,0,2.8032,8.8768
B84,Kern,0,1.21386,0
C103,LMAN,0,0,51.5088
C103,GShoot,0.31781,354.35269,1.90683
C103,GRoot,2.08439,46.1543,0
C103,L3Tip,0,8.33058,70.80989
C103,L3Base,0,130.92971,12.51205
C103,Kern,0,0,0
C123,LMAD,1.78764,0,101.44845
C123,LMAN,0,0,47.92073
C123,GShoot,0,67.4685,2.19054
C123,GRoot,0.8735,10.91875,0.43675
C123,L3Tip,1.04463,0,68.94585
C123,L3Base,0,0.80915,5.39436
C123,Kern,0.29606,0,0
C49A,LMAD,0,0.27593,101.54087
C49A,LMAN,0,0,58.51551
C49A,GShoot,0,98.34081,1.43563
C49A,GRoot,0,0.31116,0
C49A,L3Base,0,0.28573,9.42911
C49A,L3Tip,0,0,142.51077
C49A,Kern,0,1.61892,0
CH701-30,LMAN,0,0,82.97395
CH701-30,LMAD,0,0,100.70094
CH701-30,GShoot,0,25.35001,7.15765
CH701-30,GRoot,0,14.9837,1.07026
CH701-30,L3Base,0,3.70229,13.69849
CH701-30,L3Tip,0,0.96753,120.94146
CH701-30,Kern,0,0,0
CH9,LMAN,0,0,40.18045
CH9,GShoot,0,285.67109,2.28537
CH9,GRoot,0,9.036,0
CH9,L3Base,0.54606,6.27971,18.83914
CH9,L3Tip,0,0,105.99715
CH9,Kern,0.5911,0.88664,0
CI187-2,LMAN,0,0.54089,56.79362
CI187-2,GShoot,0,151.39039,3.13094
CI187-2,L3Base,0,45.65084,15.51242
CI187-2,L3Mid,0,23.43896,131.84414
CI187-2,L3Tip,0,15.34696,32.49945
CI187-2,Kern,0,0,0
CI21E,LMAN,0.51568,0,20.11141
CI21E,LMAD,1.16771,0,45.54066
CI21E,GShoot,0,26.35312,5.9507
CI21E,L3Base,0,0.41651,6.66422
CI21E,L3Tip,1.34874,0,88.11769
CI21E,Kern,0,0,0
CI28A,LMAD,0,0,55.97357
CI28A,LMAN,0,0,25.44119
CI28A,GShoot,0,78.69668,2.9328
CI28A,GRoot,1.06979,6.41873,0
CI28A,L3Base,0,1.32186,12.42545
CI28A,L3Tip,0.48536,1.45608,89.30635
CI28A,Kern,0,0,0
CI31A,LMAD,0,0,123.2334
CI31A,LMAN,0,0,60.87666
CI31A,GShoot,0,23.64406,5.91101
CI31A,GRoot,0,4.19401,0.699
CI31A,L3Tip,0,0,143.06943
CI31A,L3Base,0.37846,4.91993,10.59677
CI31A,Kern,0,0,0
CI31A,Kern,0,0,0
CI3A,LMAN,0,0,46.25525
CI3A,GShoot,0,19.75027,0.85871
CI3A,GRoot,1.17953,6.78232,0
CI3A,L3Tip,0,1.41497,104.70741
CI3A,L3Base,0,11.7471,8.05515
CI3A,Kern,0,0,0
CI64,LMAN,0,0,26.27035
CI64,LMAD,0.40647,0,50.8091
CI64,GShoot,0,300.08568,5.03922
CI64,GRoot,2.0124,8.04959,0
CI64,L3Base,0.8546,38.02966,24.78337
CI64,L3Tip,0,0,86.95792
CI66,LMAD,0,0,36.6249
CI66,LMAN,0,0,10.29983
CI66,GShoot,0,13.26716,2.21119
CI66,GRoot,0,0.85395,1.28093
CI66,L3Tip,0,0,57.71334
CI66,L3Base,0,0,3.50729
CI66,Kern,0,0,0
CI66,Kern,0,0,0
CM105,LMAD,0,0,94.88208
CM105,LMAN,0,0,31.6522
CM105,GShoot,0,70.828,2.04705
CM105,GRoot,0,0,0.72288
CM105,L3Base,0,1.35814,16.29763
CM105,L3Tip,0,0,155.99407
CM105,Kern,0,2.67847,0
CM37,LMAD,0,0,124.95191
CM37,LMAN,0,0,30.61665
CM37,GShoot,0,3.29979,1.6499
CM37,GRoot,1.21561,1.82341,0.6078
CM37,L3Tip,0,3.65493,74.31688
CM37,L3Base,0,0.39947,3.99467
CM37,Kern,0,0,0
CM7,GShoot,0,2.35212,8.23241
CM7,LMAD,0,0,88.54433
CM7,LMAN,0,0,46.56062
CM7,L3Tip,0,2.32866,70.44199
CM7,L3Base,0,0,3.08347
CM7,Kern,0,0.32551,0.32551
CML10,LMAN,0,0,11.57246
CML10,LMAD,0,0,83.31251
CML10,GShoot,0,20.46156,8.38588
CML10,GRoot,0,0.3471,0
CML108,LMAD,0,0.62984,105.81261
CML108,L3Mid,0,1.58972,149.43335
CML108,L3Base,0.84944,1.13259,9.62699
CML108,LMAN,0.35863,0,58.81578
CML108,GShoot,0,10.4424,7.95612
CML108,GRoot,2.87083,25.01726,0
CML108,L3Base,0.64768,5.82909,23.96403
CML108,L3Tip,0,0,170.87366
CML11,LMAD,0,0,93.12142
CML11,GShoot,0,14.92128,7.46064
CML11,LMAN,0,0,20.37639
CML11,L3Tip,0,0,139.65677
CML11,L3Base,0,1.17685,34.12874
CML11,Kern,0,0,0.3111
CML14,GShoot,0.69636,31.10401,12.76657
CML14,GRoot,2.77705,5.5541,0
CML14,L3Tip,0,0.93763,98.45088
CML14,L3Base,0,13.19328,30.58441
CML154Q,LMAD,0,0,97.84896
CML154Q,LMAN,0,0,25.65553
CML154Q,GShoot,0,199.23602,4.4873
CML154Q,GRoot,0.38942,18.69215,0.38942
CML154Q,L3Tip,0,0,147.08811
CML154Q,L3Base,0,0.25049,9.01761
CML154Q,Kern,0,0,0
CML157Q,LMAD,0,0,84.77437
CML157Q,LMAN,0,0.33568,27.86139
CML157Q,GShoot,0,32.15857,2.58417
CML157Q,GRoot,0,2.76879,0.39554
CML157Q,L3Base,0,3.99387,27.15829
CML157Q,L3Tip,0,16.83939,144.81875
CML157Q,Kern,0,1.84872,0.46218
CML158Q,LMAD,0,7.89677,100.02576
CML158Q,LMAN,0.43245,3.02712,57.94764
CML158Q,GShoot,0.35301,28.94705,10.59038
CML158Q,GRoot,2.43287,5.27122,0
CML158Q,L3Base,0,0.57571,20.14995
CML158Q,L3Tip,1.76973,4.42432,95.56532
CML218,LMAD,0,0,51.72055
CML218,LMAN,0,0,15.97529
CML218,GShoot,0,33.73327,4.76234
CML218,GRoot,0.35097,65.98286,0.70195
CML218,L3Base,0,1.79554,4.1896
CML218,L3Tip,0,0.47789,94.6213
CML218,Kern,0,0,1.48445
CML220,LMAD,0,0,50.51586
CML220,LMAN,0,0,40.89648
CML220,GShoot,0,68.08782,4.58623
CML220,GRoot,0.96854,15.81955,0
CML220,L3Base,0,0.38724,27.10714
CML220,L3Tip,0,0,156.39762
CML220,Kern,0,0.72974,0
CML228,LMAD,0,0.64016,63.37562
CML228,LMAN,0,6.78774,43.7432
CML228,GShoot,0,178.04941,8.69319
CML228,GRoot,3.82246,32.1724,0
CML228,L3Base,0,2.79398,12.29351
CML228,L3Mid,0,11.70225,73.90897
CML228,L3Tip,3.1688,6.3376,88.72647
CML228,Kern,0,0.39568,0.39568
CML228,Kern,0,1.26473,0
CML238,LMAD,0,0,88.94614
CML238,GShoot,0,398.94064,23.23221
CML238,LMAN,0,0.31495,33.70014
CML238,L3Base,0,23.39237,36.10562
CML238,L3Tip,0,0,198.7898
CML247,GShoot,0.24624,18.71445,1.7237
CML247,GRoot,1.84262,16.58354,0
CML247,L3Base,0.237,0.94798,12.08678
CML247,L3Tip,0,0,102.61463
CML254,GShoot,0,7.65812,2.39316
CML254,GRoot,1.01763,41.723,0
CML254,L3Tip,0,0.92033,21.16749
CML254,L3Base,0,10.51288,2.10258
CML258,GShoot,0,98.40374,6.31951
CML258,GRoot,0,18.94641,0
CML258,L3Base,0,6.93093,38.61516
CML258,L3Tip,0,4.46083,86.24268
CML261,LMAD,0,0,97.48367
CML261,LMAN,0,3.36995,30.32951
CML261,GShoot,0,19.0651,0
CML261,GRoot,0,6.4517,0
CML261,L3Base,0,0,16.69688
CML261,L3Tip,0.5056,0,204.26177
CML264,GShoot,0,246.34875,13.77105
CML264,GRoot,0.46965,0.9393,0
CML277,LMAD,0,0,114.64946
CML277,LMAN,0,0,25.88579
CML277,GShoot,0,3.7246,1.48984
CML277,GRoot,3.36802,0,0
CML277,L3Base,0,0,12.06266
CML277,L3Mid,0,0,128.6714
CML277,L3Tip,0,1.23865,98.47251
CML281,GShoot,0,247.94542,3.85407
CML281,L3Tip,0,2.06613,82.6451
CML281,L3Base,0,0.75242,5.26696
CML287,GShoot,0,42.42317,10.7277
CML311,GShoot,0,36.34286,21.37815
CML311,L3Base,0,0.84735,21.60755
CML311,L3Mid,0,0.48863,125.08859
CML311,L3Tip,0,2.54062,97.0517
CML314,LMAD,0,0.64995,123.81489
CML314,LMAN,0,0,35.15349
CML314,GShoot,0,18.97036,11.24671
CML314,GRoot,0,24.10991,0
CML314,L3Tip,0,2.80177,126.07985
CML314,L3Base,0,0.81105,16.22108
CML314,Kern,0,3.5567,0
CML321,GShoot,0,0.53867,4.04001
CML321,GRoot,1.03026,0.34342,0
CML321,L3Base,0,1.21645,20.9837
CML321,L3Mid,0,0.7598,126.12727
CML321,L3Tip,0,0.40944,76.56463
CML322,LMAD,0,0,58.70978
CML322,GShoot,0,28.28122,2.35677
CML322,LMAN,0,0,17.56149
CML322,L3Base,0,1.80565,5.41696
CML322,L3Tip,0.90713,0.45357,96.60943
CML322,Kern,0,0,0
CML323,LMAD,0,0,51.45411
CML323,L3Mid,0,1.34763,71.42434
CML323,L3Base,0,0.69487,1.15812
CML323,LMAN,0.31167,0.62335,28.05054
CML323,GShoot,0,1.50407,0
CML323,GRoot,0,2.14541,0
CML323,L3Base,0,3.14025,4.03747
CML323,L3Tip,0,0,38.91969
CML323,Kern,0,0,0.26783
CML328,LMAN,1.21171,0,33.32193
CML328,GShoot,1.07554,16.13314,6.45325
CML328,GRoot,4.71258,137.84298,0
CML328,L3Base,0,0,20.72512
CML328,L3Tip,0,0,101.17433
CML331,LMAD,1.20802,0,58.3875
CML331,LMAN,0,0,26.67294
CML331,GShoot,0,2.53989,0.95246
CML331,GRoot,1.35271,0,0
CML331,L3Tip,0,0,71.64463
CML331,L3Base,0,0.53796,0.53796
CML332,GShoot,0,3.63694,1.39882
CML332,GRoot,1.22211,2.44422,0
CML332,L3Base,2.47044,0,5.92906
CML332,L3Mid,0,0,67.90269
CML332,L3Tip,0,0,62.05996
CML333,LMAD,0,0,38.45919
CML333,LMAN,0,0.4235,23.71587
CML333,GShoot,0,42.73908,1.59772
CML333,GRoot,1.83809,34.55604,0
CML333,L3Base,0,11.44733,23.31863
CML333,L3Tip,0,0,40.22316
CML333,Kern,0,0,0
CML341,LMAD,1.55668,0,73.164
CML341,GShoot,0.77608,44.23644,2.71627
CML341,LMAN,0,0,8.78911
CML341,GRoot,0,1.8976,0
CML341,L3Tip,0,0.84274,85.95989
CML341,L3Base,0,0.44232,6.6348
CML38,LMAD,0,0,71.23592
CML38,LMAN,0,0,54.25612
CML38,GShoot,0,81.63164,10.3809
CML38,GRoot,0,6.04219,0
CML38,L3Tip,0,0,165.42684
CML38,L3Base,0.45832,0,6.64568
CML38,Kern,0,0,0.1892
CML45,GShoot,0.28313,22.36716,5.09632
CML45,GRoot,0,70.34514,0.34824
CML45,L3Base,0.69056,11.39417,15.19223
CML45,L3Mid,0,0,58.19942
CML45,L3Tip,0,2.4537,58.8888
CML5,GShoot,0.77373,13.54021,11.6059
CML5,L3Tip,0,12.00825,79.25443
CML5,L3Base,0.45896,0.91792,14.45718
CML52,GShoot,0,13.561,6.7805
CML61,GShoot,0,34.775,12.81184
CML61,L3Tip,0,0,164.20281
CML61,L3Base,0,3.34705,25.93965
CML69,LMAD,0,0,163.92543
CML69,GShoot,0,22.00466,12.52573
CML69,GRoot,2.21065,3.68442,0
CML69,LMAN,1.06015,0,75.27042
CML69,L3Base,0,0.41786,10.86424
CML69,L3Mid,1.46249,1.46249,156.48674
CML69,L3Tip,0,0,154.63367
CML69,Kern,0,0,0
CML77,LMAN,0,0,36.08633
CML77,LMAD,0,0,41.07049
CML77,GShoot,0,23.76754,8.60159
CML77,GRoot,0,14.67102,0
CML77,L3Tip,0,0,117.85033
CML77,L3Base,0,4.29628,28.16452
CML77,Kern,0,0.35952,0
CML91,LMAD,0,0,66.77725
CML91,LMAN,0,0.69011,37.26577
CML91,GShoot,0,48.99135,13.65333
CML91,GRoot,0.57491,27.02078,0
CML91,L3Tip,0,4.27293,77.76731
CML91,L3Base,0,9.08658,25.34679
CML91,Kern,0,0.34247,0
CML92,LMAN,0.84314,0,37.51975
CML92,GShoot,0.44202,8.61937,4.86221
CML92,GRoot,5.83421,15.44349,0
CML92,L3Base,0,0,24.83538
CML92,L3Tip,0.70284,0,130.02613
CML92,Kern,0,0,0
CMV3,LMAD,0,0,34.36155
CMV3,LMAN,0,0,29.3038
CMV3,GShoot,0,38.11276,7.71904
CMV3,GRoot,0,1.95058,0.27865
CMV3,L3Tip,0,0,115.03286
CMV3,Kern,0,1.79114,0
CO106,LMAD,1.99651,0,109.30879
CO106,LMAN,0,0,52.48778
CO106,GShoot,0,4.63987,2.4746
CO106,GRoot,0.61776,14.20859,0
CO106,L3Base,0,0,6.24995
CO106,L3Tip,0,0,83.71352
CO106,Kern,0.30869,0.30869,0
CO125,LMAD,1.55934,0,160.61252
CO125,LMAN,1.47491,0,30.23558
CO125,GShoot,0,11.39333,6.836
CO125,GRoot,1.3519,87.87362,0
CO125,L3Base,0,0.49579,15.3695
CO125,L3Tip,0,0.84735,85.58204
CO125,Kern,0,9.75029,0
CO255,LMAD,0,0,82.6283
CO255,LMAN,0,0,51.33087
CO255,GShoot,0,80.06924,8.59639
CO255,GRoot,0.32844,44.99627,0
CO255,L3Base,0,5.76765,13.84236
CO255,L3Tip,0,0,78.30512
CO255,Kern,0,2.82117,0
CI.7,LMAN,0,0,0
CI.7,LMAD,0.34174,0,57.75386
CI.7,GShoot,0.50124,6.01492,3.00746
CI.7,GRoot,0.77669,4.66013,0
CI.7,L3Base,0,2.2849,14.09023
CI.7,L3Tip,0,0,106.26084
CI.7,Kern,0,0.40782,0.40782
CI90C,LMAD,0,0,51.84173
CI90C,LMAN,0.45788,0,41.66691
CI90C,GShoot,0.23747,31.82124,5.46185
CI90C,GRoot,0.3192,5.42646,0
CI90C,L3Tip,0,0,68.42347
CI90C,L3Base,0.81492,0.81492,7.74175
CI90C,Kern,0,0.38058,0
CI91B,LMAD,0,0,142.68288
CI91B,LMAN,0,0,87.66908
CI91B,GShoot,0,171.37358,4.98179
CI91B,GRoot,0.48017,31.69091,0.48017
CI91B,L3Tip,0.55899,12.85674,145.33706
CI91B,L3Base,0,3.92606,17.66726
CI91B,Kern,0,0,0
D940Y,LMAD,0,0,116.40992
D940Y,LMAN,0.2085,0,46.70453
D940Y,GShoot,0.18425,128.9766,3.68505
D940Y,GRoot,0,7.71797,0
D940Y,L3Base,0,4.67373,11.89676
D940Y,L3Tip,0,2.60532,127.66045
D940Y,Kern,0,5.18449,0
DE1,LMAN,0,0,52.3535
DE1,GShoot,0.23755,264.86842,3.08815
DE1,GRoot,1.28633,17.5799,0.21439
DE1,L3Base,0,0.7007,6.65669
DE1,L3Mid,2.36272,20.08309,98.05273
DE1,L3Tip,1.96023,2.61364,37.89773
DE1,Kern,0,0.66762,0
DE811,LMAN,0,0.52747,99.69175
DE811,LMAD,0,0,130.17078
DE811,GShoot,0,173.18841,15.53769
DE811,GRoot,2.08107,8.62157,0
DE811,L3Tip,0,0,202.20303
DE811,L3Base,0,3.87657,15.50628
DE811,Kern,0,0.62593,0
E2558W,LMAN,0,1.31866,41.53783
E2558W,LMAD,0,0,95.81691
E2558W,GShoot,0,101.52489,2.75011
E2558W,GRoot,2.58155,0.73758,0
E2558W,L3Tip,0,1.65549,131.61146
E2558W,Kern,0,0.66373,0.66373
EP1,LMAD,0,0,91.11337
EP1,LMAN,0,0,32.38027
EP1,GShoot,0,117.44289,2.6921
EP1,GRoot,0,154.32355,0
EP1,L3Base,0,0,12.54128
EP1,L3Tip,0,0,145.36733
EP1,Kern,0,0,0
F2834T,LMAN,0,0,48.11263
F2834T,GShoot,0.28446,16.78292,3.12902
F2834T,GRoot,0.96273,1.4441,0
F2834T,LMAD,0.61738,0,73.46782
F2834T,L3Base,0,1.41528,13.68107
F2834T,L3Tip,8.90662,0,71.25294
F2834T,Kern,0,0,0
F6,LMAD,0,0,39.08584
F6,LMAN,0,0,10.16715
F6,GShoot,0,392.19881,2.47835
F6,GRoot,1.45868,12.15567,0
F6,L3Base,0,10.29077,20.00983
F6,L3Tip,0,1.63844,61.44151
F6,Kern,0,0.31808,0
F7,LMAD,0,0,112.36798
F7,LMAN,0,0,51.31883
F7,GShoot,0,309.05851,2.19385
F7,GRoot,0,4.32274,0
F7,L3Base,0,26.18385,10.41403
F7,L3Tip,0,0,96.74718
F7,Kern,0,3.92817,0
GA209,LMAD,0,0,172.67701
GA209,LMAN,0,0,50.82904
GA209,GShoot,0.83439,167.29434,3.33754
GA209,GRoot,11.77168,135.22344,0
GA209,L3Tip,0.64541,1.93622,142.63507
GA209,L3Base,1.86393,89.46847,14.91141
GA209,Kern,0,1.28853,0
GT112,LMAD,0,0,24.89807
GT112,LMAN,0,0,39.68649
GT112,GShoot,0,40.16939,0.84567
GT112,GRoot,0,39.98334,0
GT112,L3Tip,0,0,95.79483
GT112,L3Base,0,1.21453,2.8339
GT112,Kern,0,0.31745,0
H105W,LMAN,0.76555,0,62.7748
H105W,GShoot,0,16.79392,3.46541
H105W,GRoot,0.32993,16.16662,0.32993
H105W,L3Base,0,0,10.25934
H105W,L3Tip,0.62446,16.86055,121.77066
H105W,Kern,0,0.32442,0
H49,LMAN,0,3.0682,46.02298
H49,GShoot,0,358.17873,2.668
H49,GRoot,1.69522,34.18689,0
H49,L3Base,0,1.32257,12.96123
H49,L3Tip,0.98207,0.98207,72.67297
H49,Kern,0,1.96073,0
H84,LMAN,3.24654,0,27.59557
H84,GShoot,0.6635,11.94303,1.65875
H84,GRoot,5.39641,11.51234,0
H84,L3Tip,1.30883,0,53.00763
H84,Kern,0,0,0.28741
H91,LMAN,0,0,48.9828
H91,LMAD,0,0,85.7536
H91,GShoot,0,6.24365,1.93769
H91,GRoot,0.94138,13.17927,0.47069
H91,L3Base,0,0,5.06813
H91,L3Tip,0,0,94.45206
H91,Kern,0,0.68499,0
H95,LMAN,0,0,56.67596
H95,GShoot,0,7.46815,2.90428
H95,GRoot,0,0.97747,0.65165
H95,L3Base,0,6.91317,13.82635
H95,L3Tip,0,0,97.75569
H95,Kern,0,0,0
H99,LMAD,0,0,143.75822
H99,LMAN,0,0,45.5376
H99,GShoot,0,15.99462,5.17473
H99,GRoot,0,29.14749,0.74737
H99,L3Base,0,10.60261,26.31019
H99,L3Tip,0,0,107.53234
H99,Kern,0,0,0
HP301,LMAN,0.37961,0,46.31182
HP301,LMAD,0,1.49766,86.11529
HP301,GShoot,0,12.41709,3.38648
HP301,GRoot,0.51848,44.07099,0
HP301,L3Base,0,0,8.81616
HP301,L3Tip,0,0.57493,62.09275
HP301,Kern,0,0,0
Hi27,LMAD,0,0.42698,67.46223
Hi27,LMAN,0,0,18.72709
Hi27,GShoot,0,4.47069,0.3439
Hi27,GRoot,0,1.22319,0
Hi27,GRoot,2.85092,50.09477,0
Hi27,L3Tip,0,0,81.71237
Hi27,L3Base,0,2.27761,7.59204
Hi27,L3Tip,0,0,69.08333
Hi27,L3Base,0,0.90365,0.90365
Hi27,Kern,0,0.85992,0
I137TN,LMAD,1.0475,0,74.37221
I137TN,LMAN,0,0,38.12225
I137TN,GShoot,0,113.8997,2.67999
I137TN,GRoot,0.9314,2.79421,0
I137TN,L3Base,0,21.03791,12.21556
I137TN,L3Mid,0,14.29156,102.89921
I137TN,L3Tip,2.60525,0.52105,63.04693
I137TN,Kern,0,0.92751,0.92751
I205,LMAN,0,0,51.73779
I205,GShoot,0,370.23949,4.94973
I205,GRoot,3.18867,9.56601,0.24528
I205,L3Tip,0.61423,1.22845,91.51974
I205,L3Base,0.81033,2.16089,10.53435
I205,Kern,0.59187,0.88781,0.59187
I29,LMAD,0,0,112.58623
I29,LMAN,0,0,48.46368
I29,GShoot,0.26192,90.10141,3.14307
I29,GRoot,2.24383,25.32321,1.92328
I29,L3Tip,0,2.10767,103.2759
I29,L3Base,0,1.88913,12.27936
I29,Kern,0.32823,0,0.65646
IA2132,LMAD,0.53854,0,149.71427
IA2132,LMAN,0,0,70.43098
IA2132,GShoot,0,85.15389,2.01786
IA2132,GRoot,1.92372,153.89746,0
IA2132,L3Tip,0,0,153.6297
IA2132,L3Base,1.16255,0,18.60075
IA2132,Kern,0,0,0
IDS28,LMAN,0,0,21.49741
IDS28,GShoot,0,14.99796,4.45885
IDS28,GRoot,0,16.26103,0
IDS28,L3Base,0,0,15.6045
IDS28,L3Tip,0,1.0575,67.6797
IDS28,Kern,0,1.41335,0
IDS69,LMAN,0.35964,0,13.30668
IDS69,L3Mid,0,4.09433,59.07536
IDS69,L3Base,0.30382,0,6.38018
IDS69,LMAD,0,0,29.21424
IDS69,GShoot,0.40827,4.89922,0
IDS69,GRoot,2.76334,2.14927,0
IDS69,L3Base,1.11206,0.55603,17.23697
IDS69,L3Tip,0,0,50.89175
IDS69,Kern,0,0,0
IDS91,LMAN,0,0,13.83394
IDS91,GShoot,0.33785,5.06775,1.3514
IDS91,GRoot,3.02536,3.02536,0
IDS91,L3Tip,0,2.07596,68.50658
IDS91,L3Base,0.27701,0,4.98619
IDS91,Kern,0,0,0
Hy,GShoot,0,15.24342,3.26645
Hy,GRoot,0,15.74733,0
Hy,L3Base,0,0.61336,6.74697
Hy,L3Tip,0,1.60104,130.48503
Hy,LMAN,0,0,37.71488
Hy,LMAD,0,0,57.68743
Ia5125,LMAD,0,0,103.0637
Ia5125,LMAN,0,0,70.686
Ia5125,GShoot,0.34159,208.70956,2.04952
Ia5125,GRoot,1.83115,35.83824,0.52319
Ia5125,L3Tip,2.50356,1.66904,99.308
Ia5125,L3Base,1.64057,59.47078,27.88975
Il101,LMAN,0.94835,0.47418,79.66169
Il101,GShoot,0,91.64595,5.87474
Il101,GRoot,1.18129,39.27781,0.29532
Il101,L3Base,0.8534,0.64005,14.93452
Il101,L3Tip,1.57153,0,156.10497
Il101,Kern,0,0.33382,0
Il14H,GShoot,0,104.69639,5.72111
Il14H,LMAD,0,0,47.42863
Il14H,GRoot,1.09621,0,1.46161
Il14H,LMAN,0.64853,0,36.9663
Il14H,L3Tip,0.96951,1.93902,115.37159
Il14H,L3Base,0,0,22.18041
Il14H,Kern,0.84629,0.56419,0
Il14H,Kern,0,1.5867,0.79335
K148,LMAN,0.79337,0,20.62763
K148,LMAD,0,0,85.27499
K148,GShoot,0,95.36055,4.68986
K148,GRoot,7.50794,0.85805,0
K148,L3Tip,0.75851,2.27553,80.40203
K148,L3Base,0.72661,59.58214,13.80562
K148,Kern,0,0,0
K4,LMAD,0,0,74.59915
K4,LMAN,0,0,33.24993
K4,GShoot,0,55.19306,6.18543
K4,GRoot,0,79.53945,0
K4,L3Base,0,0.54443,23.9551
K4,L3Tip,0,0,133.21659
K4,Kern,0,0.25503,0
K55,LMAN,0,0.51221,16.90291
K55,L3Mid,0,0,50.33287
K55,L3Base,0,0.82651,1.92851
K55,LMAD,0,0,60.61511
K55,GShoot,0,9.78496,1.77908
K55,GShoot,0,3.868,1.934
K55,GRoot,0,10.77798,0
K55,L3Base,0,0,4.76249
K55,L3Tip,0,0,59.532
K55,Kern,0,0,0
K64,LMAD,0.88165,0,70.97293
K64,LMAN,0,0,25.28502
K64,GShoot,0,220.22456,6.91526
K64,GRoot,0.34418,3.44179,0.34418
K64,L3Base,0,2.61849,10.9104
K64,L3Tip,1.20846,0.60423,99.0937
K64,Kern,0,0.36297,0.36297
KY226,LMAN,0,0,41.99737
KY226,LMAD,0,0,136.07885
KY226,GShoot,0,14.11775,13.12703
KY226,GRoot,0.47102,14.13072,0
KY226,L3Tip,1.00617,0,99.61093
KY226,L3Base,0,2.04232,24.5078
KY226,Kern,0.76327,0,0.76327
KY228,LMAD,0.23423,0.23423,44.50282
KY228,LMAN,0,0,27.21246
KY228,GShoot,0,150.30808,12.32033
KY228,GRoot,0,9.82709,0
KY228,L3Base,0,3.32674,15.52479
KY228,L3Tip,0,1.0308,114.41858
KY228,Kern,0,0.37394,0.37394
Ki11,LMAD,0,0,106.35
Ki11,LMAN,0,0.40201,45.8291
Ki11,GShoot,0.34488,35.52246,16.55416
Ki11,GRoot,5.93317,159.00895,0
Ki11,L3Base,0,0,23.64224
Ki11,L3Tip,0,0,82.44514
Ki14,LMAD,0,0,90.16482
Ki14,GShoot,0,18.18684,14.73761
Ki14,GRoot,1.38675,32.93523,0.34669
Ki14,LMAN,0,0,40.45481
Ki2021,GShoot,0,9.89701,4.27979
Ki2021,GShoot,0,105.78699,4.87498
Ki2021,GRoot,0.50771,15.23132,1.52313
Ki21,LMAD,0.37803,0,46.87567
Ki21,LMAN,0,0,35.33219
Ki21,GShoot,0.24342,7.7895,9.73688
Ki21,GRoot,0,53.55013,0
Ki21,L3Tip,0,0,90.22519
Ki21,L3Base,0,0,12.62373
Ki21,Kern,0,0,0
Ki43,GShoot,0,73.79059,1.05415
Ki43,GRoot,0,5.48144,0
Ki43,L3Tip,0,4.63625,105.0884
Ki43,L3Base,0,2.8315,8.899
Ki43,Kern,0,2.94234,0.32693
Ki44,LMAD,0,0,90.80981
Ki44,L3Mid,0.81091,8.91996,122.44668
Ki44,L3Base,0,12.88004,14.75351
Ki44,LMAN,0,0,18.86232
Ki44,GShoot,0,24.41955,6.72422
Ki44,GRoot,0,3.30984,0
Ki44,L3Base,0,22.06969,39.04638
Ki44,L3Tip,0,6.76397,130.77004
Ki44,Kern,0,0,0
Ky21,LMAD,0,0,99.25811
Ky21,LMAN,0,0.29924,55.06103
Ky21,GShoot,0,8.59832,3.43933
Ky21,GRoot,1.24563,1.24563,0
Ky21,L3Tip,0,0,119.34369
Ky21,L3Base,0,1.25089,11.88342
Ky21,Kern,0,0.53461,0.26731
L317,LMAN,0,0,54.9331
L317,LMAD,0,0,82.91875
L317,GShoot,0.78216,17.20763,3.12866
L317,GRoot,0,75.47178,0
L317,L3Tip,2.53629,5.91801,94.6881
L317,L3Base,1.80195,7.20779,12.16314
L317,Kern,0,0,0
L578,LMAD,0,0,67.36777
L578,LMAN,0,0,17.89911
L578,GShoot,0,5.0846,5.25409
L578,GRoot,0,28.1266,0
L578,L3Base,0,1.70565,15.35082
L578,L3Tip,0,0.54047,116.20045
L578,Kern,0,0,0
M14,LMAN,1.01031,2.02062,7.07216
M14,GShoot,0,133.29841,1.12015
M14,GRoot,0.81674,62.48065,0
M14,L3Base,0,0.58408,6.71694
M14,L3Mid,0,0,33.34279
M14,L3Tip,0.53757,0.53757,26.34103
M14,Kern,0,0,0
M162W,LMAD,0.49713,0,68.6046
M162W,LMAN,0,0,50.57156
M162W,GRoot,0.50305,0.50305,0
M162W,L3Base,0.73131,10.96963,23.03623
M162W,L3Tip,0.58637,0,94.99194
M162W,Kern,0,0.40903,0
M37W,LMAD,0,0,137.70588
M37W,LMAN,0,0.48681,35.05
M37W,GShoot,0.24841,123.46086,4.71983
M37W,GRoot,0.58049,22.63922,1.16099
M37W,L3Base,0,18.46763,19.6988
M37W,L3Mid,0,5.04373,134.49959
M37W,L3Tip,2.82237,2.11678,58.56415
M37W,Kern,1.04154,3.47178,0.34718
MEF156-55-2,LMAD,1.26387,0,114.38001
MEF156-55-2,LMAN,2.64412,0,31.20057
MEF156-55-2,GShoot,0,239.46305,4.94304
MEF156-55-2,GRoot,4.21591,11.88119,0
MEF156-55-2,L3Tip,0,2.89707,111.53719
MEF156-55-2,L3Base,0,4.32528,7.10581
MEF156-55-2,Kern,0,3.80144,0
MO1W,LMAN,0.88704,0,51.89208
MO1W,LMAD,1.11858,0,81.65625
MO1W,GShoot,0,117.24274,5.23405
MO1W,GRoot,0,18.20321,0
MO1W,L3Tip,0.63561,1.27123,65.46818
MO1W,L3Base,0,1.90432,14.96251
MO1W,Kern,0.59852,1.4963,0.59852
MS1334,LMAD,1.03543,0,137.71231
MS1334,LMAN,0.48381,0,51.28413
MS1334,GShoot,0.25189,98.7413,5.03782
MS1334,GRoot,1.82831,74.96058,0
MS1334,L3Base,1.28856,0,9.44943
MS1334,L3Tip,3.63125,0,172.48442
MS1334,Kern,0,0,0.62335
MS153,LMAN,0,1.41738,63.78193
MS153,LMAD,0.55587,3.33523,89.49525
MS153,GShoot,0,124.77729,1.6805
MS153,GRoot,0,16.06259,0
MS153,L3Base,0,7.17957,16.60275
MS153,L3Tip,0,1.70374,90.29827
MS153,Kern,0,0,0
Mo17,LMAN,0,1.06367,89.34847
Mo17,GShoot,0,266.42403,3.87244
Mo17,GRoot,0,50.19339,2.42313
Mo17,L3Base,0,35.13727,25.78622
Mo17,L3Mid,0,42.44358,144.86177
Mo17,L3Tip,0,14.65217,130.35383
Mo17,Kern,0,1.36852,0.45617
Mo18W,LMAD,1.71582,0,85.21925
Mo18W,LMAN,0.62889,0,33.01668
Mo18W,GShoot,0,255.65522,1.28148
Mo18W,GRoot,0,2.59499,0
Mo18W,L3Base,0,6.92392,20.07936
Mo18W,L3Tip,1.72594,0,108.73422
Mo18W,Kern,0,0,0
Mo24W,L3Base,1.7533,8.18208,15.19529
Mo24W,L3Tip,0,0,129.24707
Mo44,LMAN,0,0.54127,54.12673
Mo44,GShoot,0,221.58404,1.13827
Mo44,GRoot,1.52569,23.19049,0
Mo44,L3Tip,0,6.46003,85.59543
Mo44,L3Base,0.25335,0.25335,5.06707
Mo44,Kern,0,1.71913,0.85956
Mo45,LMAN,0,0,76.02037
Mo45,LMAD,0,0,70.3008
Mo45,GShoot,0,103.11061,2.96295
Mo45,GRoot,1.74179,86.21848,0
Mo45,L3Base,0,0.92858,4.17859
Mo45,L3Tip,0,0,77.48789
Mo45,Kern,0,2.18906,0
Mo46,LMAN,0,4.34788,52.17456
Mo46,GShoot,0,127.95627,5.19047
Mo46,GRoot,0.3066,103.01862,0
Mo46,L3Base,0,8.66068,12.59735
Mo46,L3Tip,0,2.94709,114.93659
Mo47,LMAN,0,0,60.72439
Mo47,LMAD,0,0.37911,185.00609
Mo47,GShoot,0,58.52372,2.89006
Mo47,GRoot,1.12114,24.66501,0
Mo47,L3Tip,0,3.9089,111.79452
Mo47,L3Base,0,8.5329,23.46548
Mo47,Kern,0,1.20564,0.48226
MoG,GShoot,0,70.49977,2.45929
MoG,GRoot,2.52123,21.01023,0
MoG,L3Base,0.35129,0.35129,10.1875
MoG,L3Tip,0,0.36358,86.89469
MoG,Kern,0,0,0
Mp339,LMAD,0.4431,0,62.47679
Mp339,LMAN,0.41293,0,14.86539
Mp339,GShoot,0,62.14836,1.96258
Mp339,GRoot,0,37.24118,0
Mp339,L3Base,0,5.16217,4.69289
Mp339,L3Tip,0,0.77727,55.18586
Mp339,Kern,0,0,0.44088
Mt42,GShoot,0,42.38337,10.41625
Mt42,LMAD,0,1.06126,173.51527
Mt42,GRoot,0,33.88718,0.73668
Mt42,LMAN,0,0,78.22632
Mt42,L3Base,0,0,21.90379
Mt42,L3Tip,0,0,179.60161
Mt42,Kern,0,1.62866,0.27144
N192,LMAD,0,0,184.27414
N192,L3Mid,0,2.97197,179.30912
N192,L3Base,0,7.01185,10.80994
N192,LMAN,0,0,48.35834
N192,GShoot,0,43.50137,4.77761
N192,GRoot,0,26.68491,0
N192,L3Base,0,0.61033,7.62911
N192,L3Tip,0,0,147.84584
N192,Kern,0,0,0
N28Ht,LMAN,0,0,39.40761
N28Ht,LMAD,0,0,52.67469
N28Ht,GShoot,0,144.66033,6.92818
N28Ht,GRoot,0,12.47117,0
N28Ht,L3Tip,0,1.19261,73.94168
N28Ht,L3Base,0,0.62453,13.73963
N28Ht,Kern,0,1.83271,0
NC222,LMAD,1.38595,0,24.39271
NC222,LMAN,0.59912,0,17.0748
NC222,GShoot,0,96.97879,0.88971
NC222,GRoot,1.03119,1.03119,0
NC222,L3Base,0,253.8463,10.01084
NC222,L3Mid,3.15265,104.03745,51.23056
NC222,L3Tip,0,61.04174,51.914
NC222,Kern,0,0,0
NC230,LMAD,0,0,59.90516
NC230,LMAN,0,0,6.57404
NC230,GShoot,0.19518,329.26681,3.51322
NC230,GRoot,1.03879,20.08326,0
NC230,L3Base,0,7.71346,6.68499
NC230,L3Tip,1.12886,0,45.71891
NC230,Kern,0.23993,0,0.23993
NC232,LMAD,0,0,14.8823
NC232,LMAN,0,0,12.62609
NC232,GShoot,0.21475,70.43662,2.7917
NC232,GRoot,0.87835,27.00913,0.21959
NC232,L3Tip,2.07889,16.63111,42.61722
NC232,L3Base,0,25.00564,7.50169
NC232,Kern,0,1.85842,0
NC236,LMAD,0,0,76.64429
NC236,LMAN,0.27376,0,14.78326
NC236,GShoot,0.63174,290.60117,1.26348
NC236,GRoot,0,33.95181,0
NC236,L3Tip,0.60388,3.01939,50.1218
NC236,L3Base,0.23245,2.78944,4.64906
NC236,Kern,0,1.61561,0
NC238,LMAD,0,0,41.52738
NC238,LMAN,0,0,38.32081
NC238,GShoot,0,61.6302,2.86652
NC238,GRoot,0.36811,26.13606,0
NC238,L3Tip,0,0,62.04758
NC238,L3Base,0,4.05488,6.95123
NC238,Kern,0,0,0
NC250,LMAN,0.32572,0.32572,9.12028
NC250,LMAD,0.56429,0,73.35722
NC250,GShoot,0,46.48947,4.98101
NC250,GRoot,5.95874,22.43291,0.35051
NC250,L3Tip,0,0,63.68559
NC250,L3Base,1.37666,1.83554,8.71883
NC250,L3Tip,1.99201,0,70.71651
NC250,L3Base,3.48936,0.74772,3.48936
NC250,Kern,0,0,0
NC250,Kern,0,0,0
NC258,LMAD,0,0,52.08919
NC258,LMAN,0,0,22.87896
NC258,GShoot,0,457.91283,3.17194
NC258,GRoot,0,75.58487,0
NC258,L3Tip,0,3.78424,58.27723
NC258,L3Base,0,19.50126,12.18829
NC258,Kern,0,0,0
NC260,LMAN,0,0,43.74488
NC260,GShoot,0,74.47774,3.08716
NC260,GRoot,1.23532,21.00049,0
NC260,L3Base,0,3.66103,20.33905
NC260,L3Tip,0,1.61604,92.1143
NC260,Kern,0,0.47064,0.47064
NC262,LMAN,0,0,8.69423
NC262,LMAD,0,0,59.90468
NC262,GShoot,0,3.93359,6.43678
NC262,GRoot,0,54.3223,0
NC262,L3Tip,0,0,64.01235
NC262,L3Base,0,1.01809,2.03618
NC262,Kern,0,0,0.37059
NC264,LMAN,0,0,68.58376
NC264,LMAD,0,0,75.28935
NC264,GShoot,0,14.39358,10.98457
NC264,GRoot,1.9427,47.27236,0
NC264,L3Tip,0,0.82105,158.46248
NC264,Kern,0,0,0
NC290A,LMAN,0,0,38.52031
NC290A,LMAD,0,0,79.92476
NC290A,GShoot,0,4.45572,1.59133
NC290A,GRoot,0,9.17162,0
NC290A,L3Tip,0,0,74.29532
NC290A,L3Base,0,2.25754,1.50503
NC290A,Kern,0,0,0
NC294,LMAN,0,0,36.44571
NC294,LMAD,1.14757,0.57378,80.32986
NC294,GShoot,0.2863,13.16986,3.43562
NC294,GRoot,2.46311,75.05243,0
NC294,L3Tip,0.74681,0,56.7577
NC294,L3Base,1.79703,0,0.35941
NC294,Kern,0,0,0
NC296,LMAD,0,0,70.78027
NC296,GShoot,0,41.30429,15.24325
NC296,GRoot,0,24.31111,1.81426
NC296,LMAN,0,0.24236,8.48259
NC296,L3Base,0,1.6474,27.01728
NC296,L3Tip,0,0,105.09293
NC296,Kern,0,0,0
NC296A,LMAD,0,0,71.176
NC296A,LMAN,0,0.29792,7.74605
NC296A,GShoot,0,237.32484,8.26399
NC296A,GRoot,0,16.04965,0.55344
NC296A,L3Base,0,0.76574,17.61193
NC296A,L3Tip,0,0.6598,96.99058
NC296A,Kern,0,0,0
NC298,L3Tip,0,0.86799,111.1025
NC298,L3Base,0,2.23468,15.64276
NC300,LMAD,0,0,81.94216
NC300,GShoot,0.46725,5.1397,34.57613
NC300,GRoot,6.94053,62.46474,1.46116
NC300,LMAN,0.34449,0,24.80336
NC300,L3Tip,0,7.42332,111.92077
NC300,L3Base,1.42279,9.67499,19.06542
NC300,Kern,0,0.24452,0.65204
NC302,LMAD,0,0,69.6562
NC302,LMAN,0,0,33.81913
NC302,GShoot,0,64.20721,5.38512
NC302,GRoot,0,5.27625,0
NC302,L3Base,0,9.86426,30.14079
NC302,L3Mid,0,0,165.69568
NC302,L3Tip,0,0,143.12545
NC302,Kern,0,0,0.71784
NC304,LMAD,0,0,67.13547
NC304,LMAN,0,0,8.49548
NC304,GShoot,0,102.39704,5.75264
NC304,GRoot,0,8.18577,0
NC304,L3Base,0,0.9656,23.65726
NC304,L3Tip,0,1.12618,78.83278
NC304,Kern,0,0.53064,0
NC306,LMAN,0,0,57.38558
NC306,LMAD,0,0,87.71292
NC306,GShoot,0,3.27203,8.36186
NC306,GRoot,0,10.2846,1.37128
NC306,L3Base,0,0.27239,12.25746
NC306,L3Tip,0,0,113.32415
NC306,Kern,0,0,0
NC310,LMAN,0,0,56.23555
NC310,GShoot,0,9.67544,3.04085
NC310,GRoot,0.21594,47.50717,0
NC310,L3Tip,0,0,120.95544
NC310,L3Base,0,0,5.38906
NC310,Kern,0,0,0
NC314,LMAN,0,0,11.40085
NC314,LMAD,0.46983,0,48.86241
NC314,GShoot,0.75626,100.96128,4.91572
NC314,GRoot,5.90257,32.7101,0.49188
NC314,L3Base,0,2.56899,0.64225
NC314,L3Tip,0,1.36763,49.23471
NC314,Kern,0,1.08906,0
NC318,LMAD,0,0,73.33064
NC318,LMAN,0.99271,0,41.69383
NC318,GShoot,0.19309,15.2539,5.02027
NC318,GRoot,2.85712,7.14279,0
NC318,L3Base,0,3.49383,35.63706
NC318,L3Tip,0,0,138.95828
NC318,Kern,0,0,0
NC320,LMAD,0.74085,0,96.68036
NC320,LMAN,0,0,38.65356
NC320,GShoot,0,51.46248,2.92876
NC320,GRoot,1.82728,5.8473,0
NC320,L3Tip,0,0.96851,156.89913
NC320,L3Base,0,1.15016,11.1182
NC320,Kern,0,0,0
NC324,LMAN,0,0,27.71497
NC324,LMAD,0,0,72.87303
NC324,GShoot,0,34.54817,1.99865
NC324,GRoot,9.12861,20.4307,0
NC324,L3Base,1.85901,0.46475,6.50653
NC324,L3Tip,1.14748,1.72121,61.38998
NC324,Kern,0,0,0
NC326,LMAN,0,0,40.44507
NC326,LMAD,0,0,99.17491
NC326,GShoot,0,4.02747,3.2952
NC326,GRoot,0,53.83687,0
NC326,L3Base,0,0,7.82642
NC326,L3Tip,0,4.47872,192.58485
NC326,Kern,0,0,0
NC328,LMAN,0,0,63.24768
NC328,LMAD,0,0,155.02543
NC328,GShoot,0,1.39291,4.8752
NC328,GRoot,0.33818,56.13835,0
NC328,L3Base,0,0.42252,4.2252
NC328,L3Tip,0,0,134.35397
NC328,Kern,0,0,0
NC33,LMAD,0,0,74.43581
NC33,LMAN,0,0,32.88097
NC33,GShoot,0,126.08682,1.53142
NC33,GRoot,5.15466,7.53374,0
NC33,L3Base,0,0.42951,7.7312
NC33,L3Tip,0,2.94036,82.82008
NC33,Kern,0,0,0
NC336,LMAD,0,0,51.37835
NC336,LMAN,0,0,17.53127
NC336,GShoot,0.53298,227.58208,3.99734
NC336,GRoot,0.61742,8.64394,0.61742
NC336,L3Base,0,3.52933,31.17571
NC336,L3Tip,0,0,118.50657
NC336,Kern,0,0,0
NC338,LMAD,0,0,91.9853
NC338,LMAN,0,0,19.03177
NC338,GShoot,0,193.59085,4.98517
NC338,GRoot,0.82401,24.44556,0
NC338,L3Base,0,3.54547,25.88193
NC338,L3Tip,0,0,143.68324
NC338,Kern,0,2.92168,0.97389
NC340,LMAN,0,3.7985,33.34239
NC340,LMAD,1.22749,0,111.08789
NC340,GShoot,0.60638,8.4893,18.19135
NC340,GRoot,6.14875,33.68444,0.26734
NC340,L3Base,0.35324,9.18421,26.84615
NC340,L3Tip,1.60581,3.21161,101.16584
NC340,Kern,0,0,0.63103
NC342,LMAN,0,0,15.15245
NC342,LMAD,0,0,50.89125
NC342,GShoot,0,4.34496,3.04147
NC342,GRoot,1.20224,14.42691,0
NC342,L3Base,0,0,1.9296
NC342,L3Tip,0,0,113.58715
NC344,LMAD,0,0,62.35089
NC344,GShoot,0,37.60289,2.44175
NC344,GRoot,0,60.13155,0.4205
NC344,LMAN,0,0,15.11571
NC344,L3Base,0,1.0299,10.29903
NC344,L3Tip,0,0,62.18324
NC344,Kern,0,0,0
NC346,LMAD,0,0,63.07781
NC346,LMAN,0,0,12.71521
NC346,GShoot,0,227.29524,5.45765
NC346,GRoot,0,19.9055,0
NC346,L3Base,0,1.79964,26.39473
NC346,L3Tip,0,0,105.90251
NC346,Kern,0,0,0.30602
NC348,LMAD,0.27917,0,53.32188
NC348,LMAN,0,0,13.82912
NC348,GShoot,0,277.55781,2.95471
NC348,GRoot,0,3.29443,0
NC348,L3Base,0,1.2686,21.56622
NC348,L3Tip,0,0,124.49909
NC348,Kern,0,0.2691,0
NC350,LMAD,0,0,62.99677
NC350,LMAN,0,0,12.19283
NC350,GShoot,0,42.06765,12.62029
NC350,GRoot,0.35835,3.58352,0
NC350,L3Tip,0,0,136.47951
NC350,L3Base,0,45.02638,24.09306
NC352,LMAD,0,0,69.01215
NC352,LMAN,0,0,26.39516
NC352,GShoot,0,77.427,6.95973
NC352,GRoot,0,4.33585,0
NC352,L3Base,0,4.52675,34.4033
NC352,L3Tip,0,0,116.47433
NC352,Kern,0,0,1.1935
NC354,LMAD,0,1.47319,92.44236
NC354,GShoot,0,165.46629,1.55611
NC354,GRoot,0.82723,4.96336,0
NC354,LMAN,0,0.48719,8.28223
NC354,L3Base,2.93773,2.09838,8.39351
NC354,L3Mid,0,1.11222,134.57909
NC354,L3Tip,0,4.83886,112.67627
NC354,Kern,0,0.32871,0
NC356,LMAD,0,0,82.67514
NC356,LMAN,0,0,32.64474
NC356,GShoot,0,85.25234,9.85329
NC356,GRoot,0.60827,36.69874,0
NC356,L3Base,0,1.22833,11.66918
NC356,L3Tip,0,1.91064,137.56585
NC356,Kern,0,0,0
NC358,LMAN,0,0,86.16872
NC358,LMAD,0,0,123.10682
NC358,GShoot,0,158.44411,7.63586
NC358,GRoot,0,4.76538,0
NC358,L3Tip,0,2.31567,133.1511
NC358,L3Base,0,2.14212,8.56847
NC358,Kern,0,3.19689,1.06563
NC360,LMAN,0,0,67.12819
NC360,LMAD,0,0,73.45416
NC360,GShoot,0,58.5183,10.87225
NC360,GRoot,0,81.42173,0
NC360,L3Base,0,5.92028,28.49133
NC360,L3Tip,0,0,179.88941
NC360,Kern,0,0.12483,0.24965
NC362,LMAN,0,0,81.62874
NC362,GShoot,0,56.07938,9.94957
NC362,GRoot,0,138.96324,0
NC362,L3Tip,0,0,151.72066
NC362,L3Base,0,1.01924,11.72123
NC362,Kern,0,0,0.77723
NC364,LMAN,0,0,37.5702
NC364,GShoot,0,26.58201,2.99048
NC364,GRoot,0.49029,30.88808,0
NC364,L3Tip,0,0,75.22108
NC364,L3Base,0,2.88036,2.30429
NC364,Kern,0,0,0
NC366,LMAD,0,0,50.25189
NC366,LMAN,0,0,20.9653
NC366,GShoot,0,123.00415,4.89954
NC366,GRoot,0.67238,34.96386,0
NC366,L3Tip,0,3.40265,87.61831
NC366,L3Base,0,0.33035,4.62495
NC366,Kern,0,0.59261,0
NC368,LMAN,0.33341,0,24.3391
NC368,LMAD,0,0,51.33585
NC368,GShoot,0.38014,34.59294,0.76028
NC368,GRoot,6.53254,3.60416,0
NC368,L3Base,0.4695,8.45102,4.69501
NC368,L3Tip,1.32181,0,65.42944
NC368,Kern,0,0.28941,0
ND246,LMAD,1.03637,0,121.77405
ND246,LMAN,0,0,34.34832
ND246,GShoot,0.5748,157.87738,5.93956
ND246,GRoot,0.25032,1.50189,0
ND246,L3Base,0,0.67432,12.13785
ND246,L3Tip,0.68071,0,96.66119
ND246,Kern,1.42228,4.26685,0
OH7B,LMAD,0,1.08244,45.8953
OH7B,LMAN,0,0,49.7696
OH7B,GShoot,0,77.20788,3.69858
OH7B,GRoot,0,41.43466,0
OH7B,L3Base,0,1.4123,4.94305
OH7B,L3Tip,0,0.50119,47.61315
OH7B,Kern,0,5.92587,0
Oh40B,LMAN,1.86557,0,55.96725
Oh40B,GShoot,0.56994,1.51985,3.79962
Oh40B,GRoot,0.2818,9.29947,0
Oh40B,L3Tip,0,1.86549,95.13976
Oh40B,L3Base,0,0,7.60892
Oh40B,Kern,0.41024,0,0
Oh43E,LMAN,0,0,39.86706
Oh43E,GShoot,0,11.50643,4.79434
Oh43E,GRoot,0.79214,6.3371,0
Oh43E,L3Base,0,0,8.76565
Oh43E,L3Tip,0,0,124.46596
Oh43E,Kern,0,0,0
Oh603,LMAN,0.34354,0,21.98654
Oh603,LMAD,2.13801,2.13801,59.86416
Oh603,GShoot,0.34099,138.78303,4.43287
Oh603,GRoot,4.6815,44.29415,0
Oh603,L3Base,1.32023,7.92137,8.36145
Oh603,L3Tip,0,10.76135,61.55493
Oh603,Kern,0,0,0
Os420,LMAN,0,0.46128,42.43733
Os420,LMAD,0,1.34605,66.854
Os420,GShoot,0,154.01456,2.84553
Os420,GRoot,4.28485,13.46667,0
Os420,L3Base,0,2.09373,19.44181
Os420,L3Tip,0,0,162.77975
P39,LMAD,0,0.58545,87.81685
P39,LMAN,1.23258,0,25.26797
P39,L3Base,0.70517,28.91182,28.55923
P39,L3Tip,0,5.33579,76.47967
P39,Kern,1.34482,0.53793,0.53793
Pa762,LMAN,0,0,43.35268
Pa762,GShoot,0,37.03259,7.83382
Pa762,GRoot,0,153.52346,0.95356
Pa762,L3Base,0.45562,12.30175,7.28993
Pa762,L3Tip,0.51984,5.19845,85.77442
Pa875,LMAN,0,0,17.84456
Pa875,LMAD,0.40899,0.40899,63.39331
Pa875,GShoot,0.92119,32.93258,5.06655
Pa875,GRoot,12.52245,10.01796,0
Pa875,Kern,0,0,0.46268
Pa880,LMAD,0,0,84.30018
Pa880,LMAN,0,0,45.04216
Pa880,GShoot,0,63.87079,5.27089
Pa880,GRoot,10.59246,2.88885,0
Pa880,L3Base,0,1.28366,26.10112
Pa880,L3Tip,0,5.73462,187.33107
Pa880,Kern,0,1.07987,0
Pa91,LMAN,0,0,32.93335
Pa91,LMAD,0,0,76.42186
Pa91,GShoot,1.1476,216.89665,2.2952
Pa91,GRoot,1.44902,20.52775,0
Pa91,L3Tip,1.48974,4.46922,76.72158
Pa91,L3Base,0.46629,0.23315,4.6629
Pa91,Kern,0.24611,0.24611,0.24611
R168,LMAD,1.05531,0,40.10161
R168,LMAN,0.54914,0,23.61294
R168,GShoot,0,64.0902,5.47983
R168,GRoot,0,3.52812,0
R168,L3Base,0.42705,11.10332,13.66562
R168,L3Tip,1.53178,10.72248,57.44183
R168,Kern,0.74609,1.49219,0
R177,LMAN,0,0,56.56028
R177,GShoot,0,2.9946,1.9964
R177,GRoot,1.77121,7.08485,0
R177,L3Base,0,17.45757,20.42907
R177,L3Tip,0,0,215.34283
R177,Kern,0,0,0
R229,LMAN,0,0,48.40926
R229,LMAD,0,0,178.84679
R229,GShoot,0,15.25513,0
R229,GRoot,0,89.30713,0
R229,L3Base,0,0.98972,7.91775
R229,L3Tip,0,0,156.80652
R229,Kern,0,0,0.83411
R229,Kern,0,0,0.4109
R4,LMAN,0,0,8.94993
R4,LMAD,0,0.64923,33.43557
R4,GShoot,0,154.4699,3.35804
R4,GRoot,0.5695,13.95282,0
R4,L3Base,0,2.68673,10.74691
R4,L3Tip,0,0.81658,89.82403
R4,Kern,0,0,0
SA24,LMAN,0,0,64.47514
SA24,LMAD,0,0,74.66126
SA24,GShoot,0,149.99148,4.98461
SA24,GRoot,0.6416,1.60401,0.3208
SA24,L3Base,0,0.89212,12.04355
SA24,L3Tip,0,0.41713,106.7856
SA24,Kern,0,0.3709,0.3709
SC213R,LMAD,0.36248,0,73.22062
SC213R,LMAN,0,0,31.11593
SC213R,GShoot,0,82.45326,4.33965
SC213R,GRoot,1.86772,49.49465,0
SC213R,L3Tip,0,2.20493,82.68472
SC213R,L3Base,0,4.37085,3.93377
SC357,LMAD,0.32698,0,53.29836
SC357,LMAN,0.38694,0,39.85451
SC357,GShoot,0,235.15822,10.54799
SC357,GRoot,1.30401,29.34013,0
SC55,LMAD,0,0,43.26108
SC55,LMAN,0,0.4059,33.28362
SC55,GShoot,0.84485,101.80433,0.42242
SC55,GRoot,0.76642,1.53284,0
SC55,L3Base,0.46864,5.62373,9.84152
SC55,L3Tip,1.92486,1.92486,114.5289
SC55,Kern,0.59993,0.29997,0.29997
SD40,LMAN,0,0,51.26291
SD40,GShoot,2.39066,70.35358,1.02457
SD40,GRoot,3.70327,108.98193,0
SD40,L3Base,1.47498,0.73749,8.48112
SD40,L3Tip,3.95068,0,71.99013
SD40,L3Base,1.26201,0,5.88937
SD40,Kern,0,1.36019,0
SD44,LMAD,0,0,90.22438
SD44,L3Mid,1.54772,13.1556,80.48134
SD44,L3Base,0,0.81008,3.64535
SD44,LMAN,0.66854,0,38.10679
SD44,GShoot,0.46384,90.44935,2.78306
SD44,GRoot,3.01103,7.52759,0
SD44,L3Base,0.86722,2.60165,1.30082
SD44,L3Tip,0,0,68.63986
SD44,Kern,0,2.62626,0
Sg18,LMAD,0,0,116.17058
Sg18,LMAN,0,0,28.14795
Sg18,GShoot,0,199.08224,2.43774
Sg18,GRoot,0.51019,19.38739,0
Sg18,L3Base,0,3.84943,33.36177
Sg18,L3Tip,0,0,157.0096
Sg18,Kern,0,1.01672,0
Sg1533,LMAN,0,0,13.99029
Sg1533,LMAD,0.72102,0,63.44972
Sg1533,GShoot,0,25.12695,2.32657
Sg1533,GRoot,0,96.27746,0
Sg1533,L3Tip,0,0,52.52403
Sg1533,L3Base,0,0.46248,6.93718
Sg1533,L3Tip,0,0,54.25441
Sg1533,L3Base,0,0,5.55329
Sg1533,Kern,0,2.24171,0
T232,LMAN,0,0.53583,10.98442
T232,LMAD,0,0,34.47346
T232,GShoot,0.49881,121.20999,10.47494
T232,GRoot,2.07515,20.75149,0.5929
T232,L3Base,0,14.42486,14.42486
T232,L3Mid,0.75413,39.96879,71.64218
T232,L3Tip,0,13.4557,47.41533
T232,Kern,0,0.43036,0
T234,LMAD,0,0,83.83369
T234,LMAN,0.31287,0,21.27493
T234,GShoot,0.44112,85.1357,5.73453
T234,GRoot,0.63139,11.99632,0
T234,L3Tip,0,2.20433,93.68422
T234,L3Base,0,0.28293,5.09275
T234,Kern,0,2.41616,0
T8,LMAN,0,0.479,17.72306
T8,LMAD,0.91379,0,26.95694
T8,GShoot,0.93847,87.903,2.18975
T8,GRoot,1.48624,5.64773,0
T8,L3Base,0.79041,7.11366,4.34724
T8,L3Tip,3.14845,0,51.94948
T8,Kern,0.85849,0.21462,0.21462
Tx303,LMAD,0,0.62983,77.46863
Tx303,LMAN,0,0,35.46467
Tx303,GRoot,0,58.57056,1.20145
Tx303,L3Base,0,0.46589,14.44251
Tx303,L3Tip,0,0,112.08334
Tx601,GShoot,0,3.12825,5.0052
Tx601,GRoot,0,0.84987,0.84987
Tzi10,L3Mid,0,3.12553,109.39341
Tzi10,GShoot,0,87.41127,4.54085
Tzi10,GRoot,0,0.33021,0
Tzi11,LMAD,0,0.62405,87.991
Tzi11,LMAN,0,0,5.47869
Tzi11,GShoot,0,56.9269,0.41858
Tzi11,GRoot,0,35.23518,1.11269
Tzi11,L3Base,0,0.9288,7.89479
Tzi11,L3Tip,0,0.85604,106.1488
Tzi11,Kern,0,0.47549,0
Tzi16,LMAD,0,0,54.74886
Tzi16,LMAN,0,0,23.43067
Tzi16,GShoot,0,31.72768,4.74433
Tzi16,GRoot,0.38552,1.5421,0
Tzi16,L3Base,0,0.50318,22.64304
Tzi16,L3Tip,0,0,91.85341
Tzi16,Kern,0,0.67234,0
Tzi18,LMAD,0,0,73.34416
Tzi18,GShoot,0,74.7858,13.19749
Tzi18,GRoot,0,7.91477,0.34412
Tzi18,LMAN,0,0.40926,5.32038
Tzi18,L3Base,0,37.13534,34.95091
Tzi18,L3Mid,0,34.33712,99.74116
Tzi18,L3Tip,0,14.61195,126.35041
Tzi18,Kern,0,1.23968,0.82646
Tzi25,LMAD,0,0,63.24954
Tzi25,LMAN,0,0.2715,33.39498
Tzi25,GShoot,0,17.59167,3.59014
Tzi25,GRoot,0,52.2864,0
Tzi25,L3Tip,0,1.50719,73.85219
Tzi25,L3Base,0,0,8.40487
Tzi25,Kern,0,2.54624,0
Tzi9,LMAD,0,0,53.99562
Tzi9,LMAN,0,0,19.80966
Tzi9,GRoot,0.97189,45.67885,0
Tzi9,L3Base,0,1.20702,8.85146
Tzi9,L3Tip,0,0,140.5757
Tzi9,Kern,0,0,0.4104
U267Y,LMAD,0.51824,0,70.48094
U267Y,LMAN,0,0,35.89198
U267Y,GShoot,0,181.41847,4.81314
U267Y,GRoot,1.20822,6.04112,0
U267Y,L3Base,0.4978,0.9956,17.42303
U267Y,L3Mid,0,0,79.07091
U267Y,L3Tip,0,1.21657,86.37619
U267Y,Kern,0,0.48991,0
VA102,LMAN,0,0,24.3759
VA102,GShoot,0,402.5181,2.44775
VA102,GRoot,0.34697,15.26686,0
VA102,L3Base,0.61218,23.26267,1.53044
VA102,L3Mid,1.47618,69.38035,33.214
VA102,L3Tip,1.65448,5.79069,42.18931
VA102,Kern,0,0.55803,0
Va14,LMAN,0,0,28.63836
Va14,L3Mid,0,42.54452,49.31297
Va14,LMAD,0,0,62.60565
Va14,GShoot,0,222.89742,2.34321
Va14,GRoot,1.04767,37.7161,0
Va14,L3Base,0.37954,15.56126,8.72949
Va14,L3Tip,0,7.35282,49.99919
Va14,Kern,0,1.14207,0.28552
Va17,LMAN,0,0,23.13541
Va17,LMAD,0.61655,0.61655,41.92565
Va17,GShoot,0,190.10397,2.10836
Va17,GRoot,1.30266,22.14528,0
Va17,L3Base,0.58203,43.07044,13.96879
Va17,L3Tip,3.08157,0.61631,41.90941
Va17,Kern,0.36332,0.9083,0.36332
Va22,LMAN,0,0,22.23726
Va22,LMAD,0,0,48.98269
Va22,GShoot,0,212.02133,0.52481
Va22,GRoot,0.32383,49.54593,0
Va22,L3Base,0,8.96092,4.69381
Va22,L3Mid,2.49633,51.59086,28.29176
Va22,L3Tip,0.72513,10.87688,36.25628
Va22,Kern,0,0,0
Va26,LMAN,0,0,36.46864
Va26,GShoot,0,13.7581,1.34225
Va26,GRoot,0.56762,5.39235,0
Va26,L3Base,0,0.3768,12.05764
Va26,L3Tip,0,0,85.75401
Va26,Kern,0,0,0
Va35,LMAN,0.56999,0,19.94982
Va35,GRoot,1.33288,13.32877,0
Va35,L3Base,0.28975,40.275,10.14119
Va35,L3Tip,0,0.78265,82.17804
Va35,Kern,0.97465,0.32488,0.32488
Va35,Kern,0,1.01161,0
Va59,LMAN,2.00282,0,28.03943
Va59,LMAD,0,0,59.77309
Va59,GShoot,0,252.52656,5.31076
Va59,GRoot,1.2859,5.1436,0
Va59,L3Tip,0,2.29363,36.69809
Va59,L3Base,0,87.62019,6.33399
Va59,Kern,0,0.54392,0
Va85,LMAD,0,0,92.31913
Va85,LMAN,0,0,23.18664
Va85,GShoot,0,4.56568,4.56568
Va85,GRoot,1.18294,1.18294,0
Va85,L3Base,0,0,12.92351
Va85,L3Tip,0.93256,0,171.59165
Va85,Kern,0,0.31605,0
Va85,Kern,0,0.26022,0
Va99,LMAN,0.47561,0,39.47556
Va99,GShoot,0.5096,155.25913,2.54802
Va99,GRoot,0.79923,15.18546,0.79923
Va99,L3Base,0,43.46542,20.88598
Va99,L3Tip,0.74485,8.93819,52.13944
Va99,Kern,0,0.38512,0
VaW6,LMAN,0.32051,0,66.34619
VaW6,GShoot,0,47.50152,8.57957
VaW6,GRoot,0,96.0027,0
VaW6,L3Base,0,0.34441,9.2992
VaW6,L3Tip,0,0,180.79328
VaW6,Kern,0,0,0
VaW6,Kern,0,0,0
W117Ht,LMAD,0,0,194.69463
W117Ht,LMAN,0,0,86.98876
W117Ht,GShoot,0,38.05773,4.8792
W117Ht,GRoot,0,38.1216,0.6051
W117Ht,L3Base,0,0,23.00506
W117Ht,L3Tip,0,0,174.82175
W117Ht,Kern,0,1.67822,0.55941
W153R,LMAD,0,0,69.18512
W153R,LMAN,0,0,41.41964
W153R,GShoot,0,191.67096,4.17153
W153R,GRoot,0,5.58156,0
W153R,L3Tip,0,12.33737,106.92384
W153R,L3Base,0.284,32.944,22.436
W153R,Kern,0,0.60668,0.91002
W182B,LMAD,1.04663,0,195.72033
W182B,GShoot,0,21.4048,5.54939
W182B,GRoot,0.27317,38.24331,0
W182B,L3Tip,0,0,165.88517
W182B,L3Base,0,0.6958,26.09248
W182B,L3Tip,0,2.60299,180.47388
W182B,L3Base,0,0.48227,8.68084
W182B,Kern,0,7.22086,0.55545
W182B,Kern,0,7.64925,0
Wf9,LMAN,0,0,24.24013
Wf9,GShoot,0.78796,221.15533,5.51575
Wf9,GRoot,0.47032,14.10954,0.47032
Wf9,L3Base,0,0.55351,5.81186
Wf9,L3Tip,0,0.54131,95.81128
Wf9,Kern,0,0.85282,0.42641
Yu796_NS,LMAN,0,0,60.76574
Yu796_NS,GShoot,0,125.04765,0.784
Yu796_NS,GRoot,0.38511,22.72123,0
Yu796_NS,L3Base,0,0,17.335
Yu796_NS,L3Tip,0.45918,1.83671,52.34625
Yu796_NS,Kern,0,0,0.5449
Il677a,LMAN,0,0.54724,32.83412
Il677a,LMAD,0,0.62592,42.56234
Il677a,GShoot,0,76.28394,4.82255
Il677a,GRoot,0,48.02396,0
Il677a,L3Tip,0,2.51222,45.21993
Il677a,L3Base,0,12.35152,21.76221
Il677a,Kern,0,0,0
A272,LMAN,0,0,59.92186
A272,LMAD,0,0,89.81157
A272,GShoot,0,28.82299,2.16947
A272,GRoot,1.84776,9.23878,0
A272,Kern,0,0.89841,0.4492
B97,LMAN,0.69742,0.34871,55.79385
B97,GShoot,0,52.11819,46.90637
B97,GRoot,0,11.49884,0.54756
B97,L3Base,0,0,20.93241
B97,L3Tip,1.01928,5.60607,226.7909
MR02_Assiniboine,GShoot,0,50.55492,12.30902
MR02_Assiniboine,GRoot,2.0427,128.98192,0
MR12,GShoot,0,116.22198,3.99236
MR12,GRoot,3.76522,71.53921,0
MR19_Santo_Domingo,LMAD,0.32625,0,97.54761
MR19_Santo_Domingo,LMAN,0,0,42.4735
MR19_Santo_Domingo,GRoot,0.65872,1.64679,0
MR19_Santo_Domingo,L3Tip,0,1.81873,101.84902
MR19_Santo_Domingo,L3Base,0.17761,1.2433,8.70313
MR19_Santo_Domingo,Kern,0.41469,0.41469,0.82938
MR20_Shoepeg,LMAN,0.61655,0.61655,51.79002
MR20_Shoepeg,LMAD,1.32737,0,73.66894
MR20_Shoepeg,GShoot,0.86516,263.29744,2.3071
MR20_Shoepeg,GRoot,1.72181,8.03512,0
MR20_Shoepeg,L3Base,0.89636,2.24089,2.24089
MR20_Shoepeg,L3Tip,5.37974,0.53797,73.70241
MR20_Shoepeg,Kern,1.42239,1.77799,0
MR11,GShoot,0.20413,5.91966,14.90121
MR11,GRoot,4.07076,50.20606,0
MR18,GRoot,0.93095,22.80831,0
MR01,GRoot,0,23.82097,0
MR10,GShoot,0.33694,3.87477,3.03243
MR10,GRoot,2.47622,1.48573,0
MR09,GShoot,0,137.91513,3.2148
MR09,GRoot,0,25.16454,0.3647
MR06,GRoot,2.16882,127.96059,0
MR08,GShoot,0,73.27706,5.02471
MR08,GRoot,1.20906,156.37174,0
MR21,GRoot,0.49114,0,0
CML103,LMAD,0,0.41727,70.93513
CML103,LMAN,0,0.46127,54.89158
CML103,GShoot,0,40.15773,12.89737
CML103,GRoot,0,13.50588,0
CML103,L3Tip,0,49.58228,61.38759
CML103,L3Base,0,0,6.84023
CML103,Kern,0,0,0
CML133,GShoot,0,52.89172,0.82643
CML133,GRoot,0,3.77986,0
CML192,GShoot,0.28644,215.97658,5.44238
CML192,GRoot,1.86442,61.52587,0
CML202,GShoot,0.52276,41.29782,6.53447
CML202,GRoot,1.85449,20.63115,0
CML206,LMAD,0,0.40717,42.75288
CML206,LMAN,0,1.40343,12.63084
CML206,GShoot,0,337.74726,5.11738
CML206,GRoot,1.44261,0,1.44261
CML206,L3Base,0.57259,0.57259,7.4437
CML206,L3Tip,0,0,74.86054
CML330,LMAD,0,0,54.3874
CML330,LMAN,0,2.45303,20.44195
CML330,GRoot,1.48092,4.93641,0
CML330,L3Base,2.26277,1.13139,20.93066
CML330,L3Mid,0,4.44577,73.3552
CML330,L3Tip,0,0.63649,64.92169
CML330,Kern,0,0,0.26077
CML411,LMAD,0.34855,0,42.52312
CML411,LMAN,0,0,53.65129
CML411,GShoot,0,9.12102,5.11667
CML411,GRoot,6.48207,2.16069,0
CML411,L3Base,0.71128,6.04588,28.80684
CML411,L3Tip,0.54908,2.74542,128.4857
CML411,Kern,0,0.86292,0
CML418,LMAN,0,0,67.71812
CML418,GShoot,0,15.46559,3.71174
CML418,GRoot,0.93073,47.46716,0
CML418,L3Tip,0,0,127.85204
CML418,L3Base,0,0.32215,16.75179
CML418,Kern,0,0,1.53963
CML479,GShoot,0,9.91474,13.56754
CML504,LMAD,0,0,79.78685
CML504,LMAN,0,4.10083,49.20999
CML504,GShoot,0,3.43493,8.15797
CML504,GRoot,0,16.32516,0
CML504,L3Tip,0,0.92708,61.18751
CML504,L3Base,0,0,8.00468
CML505,LMAD,0,0,35.28604
CML505,LMAN,0,0,54.27914
CML505,L3Tip,0,3.94561,67.07544
CML505,L3Base,0,4.75742,16.12235
CML505,Kern,0,0,0
CML511,LMAD,0,0,72.73493
CML511,LMAN,0,3.02902,45.43528
CML511,GShoot,0,10.06367,15.98347
CML511,GRoot,1.39681,15.3649,1.39681
CML511,L3Tip,0,0,150.11247
CML511,L3Base,0,0.88082,14.09316
CML84,LMAD,0,0,51.77452
CML84,LMAN,0,0.57471,64.36721
CML84,GShoot,0,67.05586,20.84638
CML84,GRoot,0.80275,63.14967,1.87308
CML84,L3Tip,0,0,133.06947
CML84,L3Base,1.44313,7.93723,25.25482
CML84,Kern,0,0,0.82026
CML85,LMAD,0,0,45.05599
CML85,LMAN,0,0.82056,24.61669
CML85,GShoot,0.44025,268.55053,7.4842
CML85,GRoot,0.80454,135.96763,0
CML85,L3Base,0.56769,0.85153,19.01754
CML85,L3Tip,1.23476,2.46951,130.88421
CML85,Kern,0,1.43992,0
CML96,LMAD,0,0,41.68938
CML96,LMAN,0,0.75472,36.98151
CML96,GShoot,0,13.46934,10.03036
CML96,GRoot,1.35802,43.45666,0.33951
CML96,L3Base,0,0,51.64701
CML96,L3Tip,0,0,126.92117
CML96,Kern,0,0,0
Ki3,LMAD,0,0,62.10771
Ki3,LMAN,0,0,22.7119
Ki3,GShoot,0,135.37488,5.68967
Ki3,GRoot,0,7.96119,0
Ki3,L3Base,0,1.98142,16.84208
Ki3,L3Tip,0,0.52407,118.43984
Ki3,Kern,0,0,0
MS71,LMAD,0,0.60519,113.17074
MS71,LMAN,0,0,69.02026
MS71,GShoot,0,31.05996,8.87427
MS71,GRoot,1.08454,8.13406,0
MS71,L3Base,0,0,13.64504
MS71,L3Tip,0,0,137.33982
MS71,Kern,0,0,0
MS71,Kern,0,0,0
N6,LMAN,0,0,49.27426
N6,GShoot,0,9.93482,7.3204
N6,GRoot,0,30.54661,0
N6,L3Base,0,0.26075,8.0833
N6,L3Tip,0,0,123.98363
Oh43,LMAD,0,0,27.05978
Oh43,LMAN,0,0,43.70321
Oh43,GShoot,0,47.8547,4.43099
Oh43,GRoot,0,10.914,0
Oh43,L3Tip,0,0,78.38331
Oh43,Kern,0,0,0.40675
W22,LMAN,0,0,56.39971
W22,GShoot,0,46.48863,5.36407
W22,GRoot,0,103.93127,0
W22,L3Base,0,1.93135,5.79405
W22,L3Mid,0,0,147.33513
W22,L3Tip,0,0.7208,166.50548
W22,Kern,0,0.39463,0
W22_R-rstd,LMAN,0.29988,0.29988,47.08192
W22_R-rstd,LMAN,0,8.29399,45.06403
W22_R-rstd,LMAD,0.2257,1.8056,62.74443
W22_R-rstd,LMAD,0,0,128.22307
W22_R-rstd,Kern,0,1.15317,0
W64A,LMAN,1.22475,0,54.7054
W64A,GShoot,0.38706,455.18755,4.64477
W64A,GRoot,0,1.62307,0
W64A,L3Base,0,18.71681,14.28388
W64A,L3Tip,2.87266,0,106.28829
W64A,Kern,0.33134,4.30747,0
