medi,snps_for_medi
GRMZM2G045005,1-225185482
GRMZM2G045005,2-17717478
GRMZM2G045005,2-38048612
GRMZM2G045005,2-220395703
GRMZM2G045005,3-17837479
GRMZM2G045005,3-198791832
GRMZM2G045005,7-92480759
GRMZM2G045005,4-173331183
GRMZM2G045005,4-191536834
GRMZM2G045005,4-239919199
GRMZM2G045005,5-2476090
GRMZM2G045005,7-42808497
GRMZM2G045005,9-150516720
GRMZM2G045005,10-136052482
GRMZM2G107774,1-26701215
GRMZM2G107774,1-33129954
GRMZM2G107774,1-33677429
GRMZM2G107774,1-37025217
GRMZM2G107774,1-62437174
GRMZM2G107774,1-71211140
GRMZM2G107774,1-140498520
GRMZM2G107774,2-138030352
GRMZM2G107774,2-185343798
GRMZM2G107774,2-204914604
GRMZM2G107774,2-210207545
GRMZM2G107774,4-185480708
GRMZM2G107774,4-196426055
GRMZM2G107774,7-2781382
GRMZM2G107774,7-4966896
GRMZM2G107774,8-70448448
GRMZM2G107774,8-72497091
GRMZM2G107774,8-118424966
GRMZM2G107774,8-132975041
GRMZM2G107774,9-14329444
GRMZM2G107774,9-41822877
GRMZM2G107774,9-122922613
GRMZM2G107774,9-145592856
GRMZM2G171650,1-24410878
GRMZM2G171650,1-207571490
GRMZM2G171650,1-263221059
GRMZM2G171650,1-295672445
GRMZM2G171650,2-17852405
GRMZM2G171650,2-25094896
GRMZM2G171650,3-159265046
GRMZM2G171650,3-159430227
GRMZM2G171650,3-162124802
GRMZM2G171650,4-188054811
GRMZM2G171650,6-45497180
GRMZM2G171650,7-139037901
GRMZM2G171650,8-13373658
GRMZM2G171650,9-142878343
GRMZM2G171650,10-105811149
GRMZM2G171650,10-141633328
